Record Type,Fuel Type,County,Registration Class
BOAT,DIESEL,ALBANY,49
BOAT,ELECTRIC,ALBANY,212
BOAT,FLEX,ALBANY,7
BOAT,GAS,ALBANY,6369
BOAT,NONE,ALBANY,66
BOAT,OTHER,ALBANY,23
BOAT,PROPANE,ALBANY,1
TRL,NONE,ALBANY,14774
VEH,COMP N/G,ALBANY,58
VEH,DIESEL,ALBANY,13442
VEH,ELECTRIC,ALBANY,2007
VEH,FLEX,ALBANY,1291
VEH,GAS,ALBANY,221513
VEH,NONE,ALBANY,3668
VEH,OTHER,ALBANY,33
VEH,PROPANE,ALBANY,44
BOAT,DIESEL,ALLEGANY,4
BOAT,ELECTRIC,ALLEGANY,55
BOAT,FLEX,ALLEGANY,1
BOAT,GAS,ALLEGANY,1359
BOAT,NONE,ALLEGANY,10
BOAT,OTHER,ALLEGANY,4
TRL,NONE,ALLEGANY,6193
VEH,COMP N/G,ALLEGANY,2
VEH,DIESEL,ALLEGANY,3149
VEH,ELECTRIC,ALLEGANY,48
VEH,FLEX,ALLEGANY,124
VEH,GAS,ALLEGANY,33708
VEH,NONE,ALLEGANY,204
VEH,PROPANE,ALLEGANY,1
BOAT,DIESEL,BRONX,112
BOAT,ELECTRIC,BRONX,23
BOAT,GAS,BRONX,1584
BOAT,NONE,BRONX,9
BOAT,OTHER,BRONX,7
TRL,ELECTRIC,BRONX,1
TRL,NONE,BRONX,1594
VEH,COMP N/G,BRONX,733
VEH,DIESEL,BRONX,10501
VEH,ELECTRIC,BRONX,1939
VEH,FLEX,BRONX,234
VEH,GAS,BRONX,277579
VEH,NONE,BRONX,110
VEH,OTHER,BRONX,43
VEH,PROPANE,BRONX,3
BOAT,DIESEL,BROOME,22
BOAT,ELECTRIC,BROOME,171
BOAT,FLEX,BROOME,4
BOAT,GAS,BROOME,4818
BOAT,NONE,BROOME,66
BOAT,OTHER,BROOME,18
BOAT,PROPANE,BROOME,1
TRL,NONE,BROOME,13721
VEH,COMP N/G,BROOME,5
VEH,DIESEL,BROOME,6299
VEH,ELECTRIC,BROOME,485
VEH,FLEX,BROOME,284
VEH,GAS,BROOME,138354
VEH,NONE,BROOME,414
VEH,OTHER,BROOME,9
VEH,PROPANE,BROOME,27
BOAT,DIESEL,CATTARAUGUS,11
BOAT,ELECTRIC,CATTARAUGUS,97
BOAT,FLEX,CATTARAUGUS,1
BOAT,GAS,CATTARAUGUS,2205
BOAT,NONE,CATTARAUGUS,22
BOAT,OTHER,CATTARAUGUS,6
TRL,NONE,CATTARAUGUS,9755
VEH,COMP N/G,CATTARAUGUS,38
VEH,DIESEL,CATTARAUGUS,4204
VEH,ELECTRIC,CATTARAUGUS,73
VEH,FLEX,CATTARAUGUS,231
VEH,GAS,CATTARAUGUS,58250
VEH,NONE,CATTARAUGUS,250
VEH,PROPANE,CATTARAUGUS,2
BOAT,DIESEL,CAYUGA,26
BOAT,ELECTRIC,CAYUGA,40
BOAT,FLEX,CAYUGA,5
BOAT,GAS,CAYUGA,4265
BOAT,NONE,CAYUGA,20
BOAT,OTHER,CAYUGA,4
TRL,NONE,CAYUGA,11688
VEH,COMP N/G,CAYUGA,4
VEH,DIESEL,CAYUGA,4564
VEH,ELECTRIC,CAYUGA,128
VEH,FLEX,CAYUGA,211
VEH,GAS,CAYUGA,57492
VEH,NONE,CAYUGA,349
VEH,PROPANE,CAYUGA,1
BOAT,COMP N/G,CHAUTAUQUA,3
BOAT,DIESEL,CHAUTAUQUA,31
BOAT,ELECTRIC,CHAUTAUQUA,84
BOAT,FLEX,CHAUTAUQUA,5
BOAT,GAS,CHAUTAUQUA,5157
BOAT,NONE,CHAUTAUQUA,35
BOAT,OTHER,CHAUTAUQUA,12
BOAT,PROPANE,CHAUTAUQUA,1
TRL,FLEX,CHAUTAUQUA,1
TRL,NONE,CHAUTAUQUA,14624
VEH,COMP N/G,CHAUTAUQUA,10
VEH,DIESEL,CHAUTAUQUA,5392
VEH,ELECTRIC,CHAUTAUQUA,215
VEH,FLEX,CHAUTAUQUA,540
VEH,GAS,CHAUTAUQUA,93664
VEH,NONE,CHAUTAUQUA,404
VEH,OTHER,CHAUTAUQUA,4
VEH,PROPANE,CHAUTAUQUA,3
BOAT,DIESEL,CHEMUNG,14
BOAT,ELECTRIC,CHEMUNG,106
BOAT,FLEX,CHEMUNG,4
BOAT,GAS,CHEMUNG,2569
BOAT,NONE,CHEMUNG,15
BOAT,OTHER,CHEMUNG,11
TRL,NONE,CHEMUNG,7862
VEH,COMP N/G,CHEMUNG,6
VEH,DIESEL,CHEMUNG,2764
VEH,ELECTRIC,CHEMUNG,152
VEH,FLEX,CHEMUNG,83
VEH,GAS,CHEMUNG,61058
VEH,NONE,CHEMUNG,192
VEH,OTHER,CHEMUNG,3
VEH,PROPANE,CHEMUNG,1
BOAT,DIESEL,CHENANGO,11
BOAT,ELECTRIC,CHENANGO,151
BOAT,FLEX,CHENANGO,3
BOAT,GAS,CHENANGO,1424
BOAT,NONE,CHENANGO,27
BOAT,OTHER,CHENANGO,10
TRL,NONE,CHENANGO,6994
VEH,COMP N/G,CHENANGO,1
VEH,DIESEL,CHENANGO,2935
VEH,ELECTRIC,CHENANGO,66
VEH,FLEX,CHENANGO,151
VEH,GAS,CHENANGO,39509
VEH,NONE,CHENANGO,153
VEH,OTHER,CHENANGO,2
VEH,PROPANE,CHENANGO,22
BOAT,DIESEL,CLINTON,28
BOAT,ELECTRIC,CLINTON,144
BOAT,FLEX,CLINTON,1
BOAT,GAS,CLINTON,4442
BOAT,NONE,CLINTON,29
BOAT,OTHER,CLINTON,12
TRL,NONE,CLINTON,12263
VEH,COMP N/G,CLINTON,1
VEH,DIESEL,CLINTON,3954
VEH,ELECTRIC,CLINTON,187
VEH,FLEX,CLINTON,163
VEH,GAS,CLINTON,63859
VEH,NONE,CLINTON,314
VEH,OTHER,CLINTON,1
BOAT,DIESEL,COLUMBIA,20
BOAT,ELECTRIC,COLUMBIA,93
BOAT,GAS,COLUMBIA,1986
BOAT,NONE,COLUMBIA,32
BOAT,OTHER,COLUMBIA,7
TRL,NONE,COLUMBIA,6903
VEH,COMP N/G,COLUMBIA,4
VEH,DIESEL,COLUMBIA,4034
VEH,ELECTRIC,COLUMBIA,411
VEH,FLEX,COLUMBIA,61
VEH,GAS,COLUMBIA,53631
VEH,NONE,COLUMBIA,192
VEH,PROPANE,COLUMBIA,4
BOAT,DIESEL,CORTLAND,6
BOAT,ELECTRIC,CORTLAND,72
BOAT,FLEX,CORTLAND,4
BOAT,GAS,CORTLAND,1591
BOAT,NONE,CORTLAND,9
BOAT,OTHER,CORTLAND,3
TRL,NONE,CORTLAND,5499
VEH,DIESEL,CORTLAND,2244
VEH,ELECTRIC,CORTLAND,93
VEH,FLEX,CORTLAND,52
VEH,GAS,CORTLAND,33518
VEH,NONE,CORTLAND,147
VEH,PROPANE,CORTLAND,4
BOAT,COMP N/G,DELAWARE,1
BOAT,DIESEL,DELAWARE,9
BOAT,ELECTRIC,DELAWARE,73
BOAT,FLEX,DELAWARE,1
BOAT,GAS,DELAWARE,787
BOAT,NONE,DELAWARE,25
BOAT,OTHER,DELAWARE,3
TRL,NONE,DELAWARE,5685
VEH,DIESEL,DELAWARE,3335
VEH,ELECTRIC,DELAWARE,96
VEH,FLEX,DELAWARE,82
VEH,GAS,DELAWARE,38156
VEH,NONE,DELAWARE,165
VEH,OTHER,DELAWARE,3
VEH,PROPANE,DELAWARE,2
BOAT,DIESEL,DUTCHESS,120
BOAT,ELECTRIC,DUTCHESS,266
BOAT,FLEX,DUTCHESS,3
BOAT,GAS,DUTCHESS,4277
BOAT,NONE,DUTCHESS,77
BOAT,OTHER,DUTCHESS,24
TRL,NONE,DUTCHESS,14066
VEH,COMP N/G,DUTCHESS,14
VEH,DIESEL,DUTCHESS,10624
VEH,ELECTRIC,DUTCHESS,1809
VEH,FLEX,DUTCHESS,254
VEH,GAS,DUTCHESS,237674
VEH,NONE,DUTCHESS,512
VEH,OTHER,DUTCHESS,22
VEH,PROPANE,DUTCHESS,95
BOAT,COMP N/G,ERIE,2
BOAT,DIESEL,ERIE,413
BOAT,ELECTRIC,ERIE,293
BOAT,FLEX,ERIE,15
BOAT,GAS,ERIE,18694
BOAT,NONE,ERIE,130
BOAT,OTHER,ERIE,41
TRL,NONE,ERIE,51599
TRL,OTHER,ERIE,1
VEH,COMP N/G,ERIE,261
VEH,DIESEL,ERIE,24204
VEH,ELECTRIC,ERIE,3182
VEH,FLEX,ERIE,1514
VEH,GAS,ERIE,665729
VEH,NONE,ERIE,1244
VEH,OTHER,ERIE,23
VEH,PROPANE,ERIE,7
BOAT,DIESEL,ESSEX,38
BOAT,ELECTRIC,ESSEX,95
BOAT,GAS,ESSEX,3280
BOAT,NONE,ESSEX,25
BOAT,OTHER,ESSEX,13
TRL,NONE,ESSEX,6110
VEH,DIESEL,ESSEX,2235
VEH,ELECTRIC,ESSEX,155
VEH,FLEX,ESSEX,148
VEH,GAS,ESSEX,31141
VEH,NONE,ESSEX,228
VEH,OTHER,ESSEX,1
BOAT,DIESEL,FRANKLIN,12
BOAT,ELECTRIC,FRANKLIN,146
BOAT,FLEX,FRANKLIN,1
BOAT,GAS,FRANKLIN,3439
BOAT,NONE,FRANKLIN,29
BOAT,OTHER,FRANKLIN,11
TRL,NONE,FRANKLIN,7795
VEH,COMP N/G,FRANKLIN,2
VEH,DIESEL,FRANKLIN,2582
VEH,ELECTRIC,FRANKLIN,85
VEH,FLEX,FRANKLIN,79
VEH,GAS,FRANKLIN,37716
VEH,NONE,FRANKLIN,212
VEH,PROPANE,FRANKLIN,42
BOAT,DIESEL,FULTON,9
BOAT,ELECTRIC,FULTON,115
BOAT,FLEX,FULTON,1
BOAT,GAS,FULTON,3518
BOAT,NONE,FULTON,20
BOAT,OTHER,FULTON,3
TRL,NONE,FULTON,6572
VEH,DIESEL,FULTON,2259
VEH,ELECTRIC,FULTON,104
VEH,FLEX,FULTON,68
VEH,GAS,FULTON,42559
VEH,NONE,FULTON,99
VEH,OTHER,FULTON,3
BOAT,DIESEL,GENESEE,10
BOAT,ELECTRIC,GENESEE,52
BOAT,GAS,GENESEE,1617
BOAT,NONE,GENESEE,8
BOAT,OTHER,GENESEE,3
TRL,NONE,GENESEE,7992
VEH,COMP N/G,GENESEE,1
VEH,DIESEL,GENESEE,3926
VEH,ELECTRIC,GENESEE,96
VEH,FLEX,GENESEE,108
VEH,GAS,GENESEE,46631
VEH,NONE,GENESEE,262
VEH,OTHER,GENESEE,1
VEH,PROPANE,GENESEE,1
BOAT,DIESEL,GREENE,22
BOAT,ELECTRIC,GREENE,99
BOAT,FLEX,GREENE,1
BOAT,GAS,GREENE,1681
BOAT,NONE,GREENE,18
BOAT,OTHER,GREENE,12
TRL,NONE,GREENE,5898
VEH,COMP N/G,GREENE,1
VEH,DIESEL,GREENE,3071
VEH,ELECTRIC,GREENE,180
VEH,FLEX,GREENE,55
VEH,GAS,GREENE,43256
VEH,NONE,GREENE,123
VEH,OTHER,GREENE,2
VEH,PROPANE,GREENE,6
BOAT,DIESEL,HAMILTON,2
BOAT,ELECTRIC,HAMILTON,26
BOAT,FLEX,HAMILTON,1
BOAT,GAS,HAMILTON,1336
BOAT,NONE,HAMILTON,11
BOAT,OTHER,HAMILTON,2
TRL,NONE,HAMILTON,1385
VEH,DIESEL,HAMILTON,483
VEH,ELECTRIC,HAMILTON,16
VEH,FLEX,HAMILTON,10
VEH,GAS,HAMILTON,5182
VEH,NONE,HAMILTON,90
VEH,PROPANE,HAMILTON,1
BOAT,DIESEL,HERKIMER,7
BOAT,ELECTRIC,HERKIMER,65
BOAT,FLEX,HERKIMER,5
BOAT,GAS,HERKIMER,2621
BOAT,NONE,HERKIMER,18
BOAT,OTHER,HERKIMER,4
BOAT,PROPANE,HERKIMER,1
TRL,NONE,HERKIMER,7685
VEH,COMP N/G,HERKIMER,13
VEH,DIESEL,HERKIMER,3677
VEH,ELECTRIC,HERKIMER,83
VEH,FLEX,HERKIMER,53
VEH,GAS,HERKIMER,47313
VEH,NONE,HERKIMER,133
VEH,OTHER,HERKIMER,1
BOAT,DIESEL,JEFFERSON,78
BOAT,ELECTRIC,JEFFERSON,131
BOAT,FLEX,JEFFERSON,4
BOAT,GAS,JEFFERSON,8788
BOAT,NONE,JEFFERSON,39
BOAT,OTHER,JEFFERSON,14
BOAT,PROPANE,JEFFERSON,1
TRL,NONE,JEFFERSON,15207
VEH,COMP N/G,JEFFERSON,2
VEH,DIESEL,JEFFERSON,5299
VEH,ELECTRIC,JEFFERSON,157
VEH,FLEX,JEFFERSON,71
VEH,GAS,JEFFERSON,82327
VEH,NONE,JEFFERSON,395
VEH,OTHER,JEFFERSON,1
VEH,PROPANE,JEFFERSON,4
BOAT,COMP N/G,KINGS,1
BOAT,DIESEL,KINGS,318
BOAT,ELECTRIC,KINGS,195
BOAT,FLEX,KINGS,5
BOAT,GAS,KINGS,2828
BOAT,NONE,KINGS,58
BOAT,OTHER,KINGS,21
TRL,GAS,KINGS,2
TRL,NONE,KINGS,2510
VEH,COMP N/G,KINGS,57
VEH,DIESEL,KINGS,17695
VEH,ELECTRIC,KINGS,9072
VEH,FLEX,KINGS,478
VEH,GAS,KINGS,524051
VEH,NONE,KINGS,456
VEH,OTHER,KINGS,304
VEH,PROPANE,KINGS,23
BOAT,DIESEL,LEWIS,5
BOAT,ELECTRIC,LEWIS,57
BOAT,FLEX,LEWIS,1
BOAT,GAS,LEWIS,1726
BOAT,NONE,LEWIS,12
BOAT,OTHER,LEWIS,4
TRL,NONE,LEWIS,4997
VEH,DIESEL,LEWIS,2187
VEH,ELECTRIC,LEWIS,23
VEH,FLEX,LEWIS,33
VEH,GAS,LEWIS,23776
VEH,NONE,LEWIS,113
BOAT,DIESEL,LIVINGSTON,13
BOAT,ELECTRIC,LIVINGSTON,64
BOAT,FLEX,LIVINGSTON,3
BOAT,GAS,LIVINGSTON,3013
BOAT,NONE,LIVINGSTON,17
BOAT,OTHER,LIVINGSTON,9
TRL,NONE,LIVINGSTON,9199
VEH,COMP N/G,LIVINGSTON,2
VEH,DIESEL,LIVINGSTON,3562
VEH,ELECTRIC,LIVINGSTON,134
VEH,FLEX,LIVINGSTON,229
VEH,GAS,LIVINGSTON,49787
VEH,NONE,LIVINGSTON,217
VEH,OTHER,LIVINGSTON,2
VEH,PROPANE,LIVINGSTON,17
BOAT,DIESEL,MADISON,21
BOAT,ELECTRIC,MADISON,75
BOAT,FLEX,MADISON,2
BOAT,GAS,MADISON,3473
BOAT,NONE,MADISON,20
BOAT,OTHER,MADISON,12
TRL,NONE,MADISON,9306
TRL,OTHER,MADISON,1
VEH,DIESEL,MADISON,3412
VEH,ELECTRIC,MADISON,165
VEH,FLEX,MADISON,59
VEH,GAS,MADISON,53680
VEH,NONE,MADISON,204
VEH,OTHER,MADISON,2
VEH,PROPANE,MADISON,6
BOAT,DIESEL,MONROE,333
BOAT,ELECTRIC,MONROE,325
BOAT,FLEX,MONROE,13
BOAT,GAS,MONROE,20971
BOAT,NONE,MONROE,133
BOAT,OTHER,MONROE,40
TRL,GAS,MONROE,2
TRL,NONE,MONROE,39817
VEH,COMP N/G,MONROE,219
VEH,DIESEL,MONROE,17915
VEH,ELECTRIC,MONROE,3739
VEH,FLEX,MONROE,1936
VEH,GAS,MONROE,535960
VEH,NONE,MONROE,916
VEH,OTHER,MONROE,21
VEH,PROPANE,MONROE,92
BOAT,DIESEL,MONTGOMERY,9
BOAT,ELECTRIC,MONTGOMERY,47
BOAT,GAS,MONTGOMERY,1470
BOAT,NONE,MONTGOMERY,13
BOAT,OTHER,MONTGOMERY,1
TRL,NONE,MONTGOMERY,5701
VEH,COMP N/G,MONTGOMERY,1
VEH,DIESEL,MONTGOMERY,2854
VEH,ELECTRIC,MONTGOMERY,81
VEH,FLEX,MONTGOMERY,63
VEH,GAS,MONTGOMERY,39766
VEH,NONE,MONTGOMERY,110
VEH,PROPANE,MONTGOMERY,4
BOAT,DIESEL,NASSAU,1314
BOAT,ELECTRIC,NASSAU,249
BOAT,FLEX,NASSAU,42
BOAT,GAS,NASSAU,22146
BOAT,NONE,NASSAU,139
BOAT,OTHER,NASSAU,37
BOAT,PROPANE,NASSAU,2
TRL,DIESEL,NASSAU,1
TRL,NONE,NASSAU,17198
VEH,COMP N/G,NASSAU,517
VEH,DIESEL,NASSAU,28037
VEH,ELECTRIC,NASSAU,14231
VEH,FLEX,NASSAU,1488
VEH,GAS,NASSAU,989357
VEH,NONE,NASSAU,1749
VEH,OTHER,NASSAU,74
VEH,PROPANE,NASSAU,38
BOAT,COMP N/G,NEW YORK,4
BOAT,DIESEL,NEW YORK,435
BOAT,ELECTRIC,NEW YORK,102
BOAT,FLEX,NEW YORK,2
BOAT,GAS,NEW YORK,2736
BOAT,NONE,NEW YORK,59
BOAT,OTHER,NEW YORK,12
TRL,NONE,NEW YORK,1381
VEH,COMP N/G,NEW YORK,241
VEH,DIESEL,NEW YORK,5935
VEH,ELECTRIC,NEW YORK,5453
VEH,FLEX,NEW YORK,284
VEH,GAS,NEW YORK,241411
VEH,NONE,NEW YORK,668
VEH,OTHER,NEW YORK,54
VEH,PROPANE,NEW YORK,3
BOAT,DIESEL,NIAGARA,108
BOAT,ELECTRIC,NIAGARA,112
BOAT,FLEX,NIAGARA,5
BOAT,GAS,NIAGARA,6084
BOAT,NONE,NIAGARA,38
BOAT,OTHER,NIAGARA,10
TRL,NONE,NIAGARA,18513
VEH,COMP N/G,NIAGARA,131
VEH,DIESEL,NIAGARA,7282
VEH,ELECTRIC,NIAGARA,467
VEH,FLEX,NIAGARA,315
VEH,GAS,NIAGARA,162349
VEH,NONE,NIAGARA,393
VEH,OTHER,NIAGARA,3
VEH,PROPANE,NIAGARA,4
BOAT,COMP N/G,ONEIDA,1
BOAT,DIESEL,ONEIDA,29
BOAT,ELECTRIC,ONEIDA,219
BOAT,FLEX,ONEIDA,5
BOAT,GAS,ONEIDA,8433
BOAT,NONE,ONEIDA,56
BOAT,OTHER,ONEIDA,20
BOAT,PROPANE,ONEIDA,3
TRL,NONE,ONEIDA,21623
VEH,COMP N/G,ONEIDA,4
VEH,DIESEL,ONEIDA,8495
VEH,ELECTRIC,ONEIDA,499
VEH,FLEX,ONEIDA,197
VEH,GAS,ONEIDA,165941
VEH,NONE,ONEIDA,596
VEH,OTHER,ONEIDA,3
VEH,PROPANE,ONEIDA,67
BOAT,COMP N/G,ONONDAGA,1
BOAT,DIESEL,ONONDAGA,140
BOAT,ELECTRIC,ONONDAGA,202
BOAT,FLEX,ONONDAGA,10
BOAT,GAS,ONONDAGA,16853
BOAT,NONE,ONONDAGA,75
BOAT,OTHER,ONONDAGA,38
BOAT,PROPANE,ONONDAGA,1
TRL,DIESEL,ONONDAGA,1
TRL,GAS,ONONDAGA,3
TRL,NONE,ONONDAGA,32381
VEH,COMP N/G,ONONDAGA,211
VEH,DIESEL,ONONDAGA,15209
VEH,ELECTRIC,ONONDAGA,1437
VEH,FLEX,ONONDAGA,421
VEH,GAS,ONONDAGA,334068
VEH,NONE,ONONDAGA,730
VEH,OTHER,ONONDAGA,10
VEH,PROPANE,ONONDAGA,9
BOAT,DIESEL,ONTARIO,48
BOAT,ELECTRIC,ONTARIO,81
BOAT,FLEX,ONTARIO,3
BOAT,GAS,ONTARIO,6154
BOAT,NONE,ONTARIO,24
BOAT,OTHER,ONTARIO,14
TRL,NONE,ONTARIO,14368
VEH,COMP N/G,ONTARIO,4
VEH,DIESEL,ONTARIO,5684
VEH,ELECTRIC,ONTARIO,545
VEH,FLEX,ONTARIO,205
VEH,GAS,ONTARIO,91486
VEH,NONE,ONTARIO,362
VEH,OTHER,ONTARIO,28
VEH,PROPANE,ONTARIO,13
BOAT,DIESEL,ORANGE,98
BOAT,ELECTRIC,ORANGE,782
BOAT,FLEX,ORANGE,5
BOAT,GAS,ORANGE,5139
BOAT,NONE,ORANGE,202
BOAT,OTHER,ORANGE,78
TRL,NONE,ORANGE,16540
VEH,COMP N/G,ORANGE,4
VEH,DIESEL,ORANGE,13736
VEH,ELECTRIC,ORANGE,1780
VEH,FLEX,ORANGE,265
VEH,GAS,ORANGE,290147
VEH,NONE,ORANGE,918
VEH,OTHER,ORANGE,244
VEH,PROPANE,ORANGE,80
BOAT,DIESEL,ORLEANS,22
BOAT,ELECTRIC,ORLEANS,45
BOAT,FLEX,ORLEANS,2
BOAT,GAS,ORLEANS,1528
BOAT,NONE,ORLEANS,14
BOAT,OTHER,ORLEANS,3
TRL,NONE,ORLEANS,5608
VEH,DIESEL,ORLEANS,2433
VEH,ELECTRIC,ORLEANS,72
VEH,FLEX,ORLEANS,82
VEH,GAS,ORLEANS,30721
VEH,NONE,ORLEANS,209
BOAT,DIESEL,OSWEGO,47
BOAT,ELECTRIC,OSWEGO,125
BOAT,FLEX,OSWEGO,4
BOAT,GAS,OSWEGO,6986
BOAT,NONE,OSWEGO,66
BOAT,OTHER,OSWEGO,13
TRL,NONE,OSWEGO,17361
VEH,COMP N/G,OSWEGO,5
VEH,DIESEL,OSWEGO,5686
VEH,ELECTRIC,OSWEGO,192
VEH,FLEX,OSWEGO,103
VEH,GAS,OSWEGO,94761
VEH,NONE,OSWEGO,277
VEH,OTHER,OSWEGO,3
VEH,PROPANE,OSWEGO,3
BOAT,DIESEL,OTSEGO,13
BOAT,ELECTRIC,OTSEGO,87
BOAT,GAS,OTSEGO,1844
BOAT,NONE,OTSEGO,24
BOAT,OTHER,OTSEGO,10
TRL,NONE,OTSEGO,6510
VEH,DIESEL,OTSEGO,3152
VEH,ELECTRIC,OTSEGO,146
VEH,FLEX,OTSEGO,140
VEH,GAS,OTSEGO,45648
VEH,NONE,OTSEGO,164
VEH,OTHER,OTSEGO,1
VEH,PROPANE,OTSEGO,6
BOAT,COMP N/G,OUT-OF-STATE,1
BOAT,DIESEL,OUT-OF-STATE,306
BOAT,ELECTRIC,OUT-OF-STATE,133
BOAT,FLEX,OUT-OF-STATE,7
BOAT,GAS,OUT-OF-STATE,10499
BOAT,NONE,OUT-OF-STATE,67
BOAT,OTHER,OUT-OF-STATE,18
TRL,NONE,OUT-OF-STATE,7919
VEH,COMP N/G,OUT-OF-STATE,4
VEH,DIESEL,OUT-OF-STATE,12860
VEH,ELECTRIC,OUT-OF-STATE,3671
VEH,FLEX,OUT-OF-STATE,287
VEH,GAS,OUT-OF-STATE,123969
VEH,NONE,OUT-OF-STATE,581
VEH,OTHER,OUT-OF-STATE,12
VEH,PROPANE,OUT-OF-STATE,13
BOAT,DIESEL,PUTNAM,62
BOAT,ELECTRIC,PUTNAM,79
BOAT,FLEX,PUTNAM,4
BOAT,GAS,PUTNAM,2328
BOAT,NONE,PUTNAM,19
BOAT,OTHER,PUTNAM,8
TRL,NONE,PUTNAM,4489
VEH,COMP N/G,PUTNAM,4
VEH,DIESEL,PUTNAM,4396
VEH,ELECTRIC,PUTNAM,685
VEH,FLEX,PUTNAM,75
VEH,GAS,PUTNAM,87826
VEH,NONE,PUTNAM,150
VEH,OTHER,PUTNAM,11
VEH,PROPANE,PUTNAM,2
BOAT,DIESEL,QUEENS,247
BOAT,ELECTRIC,QUEENS,125
BOAT,FLEX,QUEENS,6
BOAT,GAS,QUEENS,4008
BOAT,NONE,QUEENS,48
BOAT,OTHER,QUEENS,10
TRL,NONE,QUEENS,4925
VEH,COMP N/G,QUEENS,281
VEH,DIESEL,QUEENS,30570
VEH,ELECTRIC,QUEENS,8347
VEH,FLEX,QUEENS,938
VEH,GAS,QUEENS,812791
VEH,NONE,QUEENS,1426
VEH,OTHER,QUEENS,101
VEH,PROPANE,QUEENS,12
BOAT,DIESEL,RENSSELAER,40
BOAT,ELECTRIC,RENSSELAER,184
BOAT,FLEX,RENSSELAER,5
BOAT,GAS,RENSSELAER,4242
BOAT,NONE,RENSSELAER,44
BOAT,OTHER,RENSSELAER,17
TRL,NONE,RENSSELAER,12239
VEH,COMP N/G,RENSSELAER,2
VEH,DIESEL,RENSSELAER,5473
VEH,ELECTRIC,RENSSELAER,527
VEH,FLEX,RENSSELAER,139
VEH,GAS,RENSSELAER,119995
VEH,NONE,RENSSELAER,238
VEH,OTHER,RENSSELAER,12
VEH,PROPANE,RENSSELAER,17
BOAT,DIESEL,RICHMOND,198
BOAT,ELECTRIC,RICHMOND,127
BOAT,FLEX,RICHMOND,2
BOAT,GAS,RICHMOND,2361
BOAT,NONE,RICHMOND,46
BOAT,OTHER,RICHMOND,9
BOAT,PROPANE,RICHMOND,1
TRL,GAS,RICHMOND,1
TRL,NONE,RICHMOND,2887
VEH,COMP N/G,RICHMOND,5
VEH,DIESEL,RICHMOND,5121
VEH,ELECTRIC,RICHMOND,2255
VEH,FLEX,RICHMOND,182
VEH,GAS,RICHMOND,277591
VEH,NONE,RICHMOND,71
VEH,OTHER,RICHMOND,37
BOAT,COMP N/G,ROCKLAND,1
BOAT,DIESEL,ROCKLAND,125
BOAT,ELECTRIC,ROCKLAND,393
BOAT,FLEX,ROCKLAND,4
BOAT,GAS,ROCKLAND,2370
BOAT,NONE,ROCKLAND,57
BOAT,OTHER,ROCKLAND,28
TRL,NONE,ROCKLAND,5508
VEH,COMP N/G,ROCKLAND,6
VEH,DIESEL,ROCKLAND,7306
VEH,ELECTRIC,ROCKLAND,2213
VEH,FLEX,ROCKLAND,103
VEH,GAS,ROCKLAND,217161
VEH,NONE,ROCKLAND,406
VEH,OTHER,ROCKLAND,60
BOAT,DIESEL,SARATOGA,81
BOAT,ELECTRIC,SARATOGA,374
BOAT,FLEX,SARATOGA,5
BOAT,GAS,SARATOGA,11409
BOAT,NONE,SARATOGA,67
BOAT,OTHER,SARATOGA,32
BOAT,PROPANE,SARATOGA,2
TRL,GAS,SARATOGA,1
TRL,NONE,SARATOGA,22909
VEH,COMP N/G,SARATOGA,36
VEH,DIESEL,SARATOGA,8944
VEH,ELECTRIC,SARATOGA,1311
VEH,FLEX,SARATOGA,225
VEH,GAS,SARATOGA,198733
VEH,NONE,SARATOGA,436
VEH,OTHER,SARATOGA,10
VEH,PROPANE,SARATOGA,26
BOAT,DIESEL,SCHENECTADY,30
BOAT,ELECTRIC,SCHENECTADY,150
BOAT,FLEX,SCHENECTADY,3
BOAT,GAS,SCHENECTADY,4015
BOAT,NONE,SCHENECTADY,35
BOAT,OTHER,SCHENECTADY,13
TRL,NONE,SCHENECTADY,9982
VEH,COMP N/G,SCHENECTADY,5
VEH,DIESEL,SCHENECTADY,3686
VEH,ELECTRIC,SCHENECTADY,706
VEH,FLEX,SCHENECTADY,133
VEH,GAS,SCHENECTADY,123206
VEH,NONE,SCHENECTADY,215
VEH,OTHER,SCHENECTADY,8
VEH,PROPANE,SCHENECTADY,6
BOAT,DIESEL,SCHOHARIE,7
BOAT,ELECTRIC,SCHOHARIE,67
BOAT,GAS,SCHOHARIE,758
BOAT,NONE,SCHOHARIE,12
BOAT,OTHER,SCHOHARIE,5
TRL,NONE,SCHOHARIE,4291
VEH,COMP N/G,SCHOHARIE,4
VEH,DIESEL,SCHOHARIE,2465
VEH,ELECTRIC,SCHOHARIE,55
VEH,FLEX,SCHOHARIE,22
VEH,GAS,SCHOHARIE,27134
VEH,NONE,SCHOHARIE,104
VEH,PROPANE,SCHOHARIE,13
BOAT,DIESEL,SCHUYLER,14
BOAT,ELECTRIC,SCHUYLER,31
BOAT,FLEX,SCHUYLER,2
BOAT,GAS,SCHUYLER,1245
BOAT,NONE,SCHUYLER,12
BOAT,OTHER,SCHUYLER,1
TRL,NONE,SCHUYLER,3043
VEH,DIESEL,SCHUYLER,1203
VEH,ELECTRIC,SCHUYLER,53
VEH,FLEX,SCHUYLER,48
VEH,GAS,SCHUYLER,15821
VEH,NONE,SCHUYLER,98
BOAT,DIESEL,SENECA,13
BOAT,ELECTRIC,SENECA,25
BOAT,FLEX,SENECA,2
BOAT,GAS,SENECA,2046
BOAT,NONE,SENECA,5
BOAT,OTHER,SENECA,5
TRL,NONE,SENECA,5194
VEH,COMP N/G,SENECA,1
VEH,DIESEL,SENECA,1788
VEH,ELECTRIC,SENECA,53
VEH,FLEX,SENECA,70
VEH,GAS,SENECA,25013
VEH,NONE,SENECA,136
VEH,OTHER,SENECA,2
VEH,PROPANE,SENECA,4
BOAT,DIESEL,STEUBEN,14
BOAT,ELECTRIC,STEUBEN,125
BOAT,FLEX,STEUBEN,1
BOAT,GAS,STEUBEN,3612
BOAT,NONE,STEUBEN,37
BOAT,OTHER,STEUBEN,8
TRL,NONE,STEUBEN,12535
VEH,COMP N/G,STEUBEN,5
VEH,DIESEL,STEUBEN,5296
VEH,ELECTRIC,STEUBEN,156
VEH,FLEX,STEUBEN,154
VEH,GAS,STEUBEN,74579
VEH,NONE,STEUBEN,399
VEH,OTHER,STEUBEN,2
VEH,PROPANE,STEUBEN,1
BOAT,DIESEL,ST LAWRENCE,13
BOAT,ELECTRIC,ST LAWRENCE,179
BOAT,FLEX,ST LAWRENCE,5
BOAT,GAS,ST LAWRENCE,7845
BOAT,NONE,ST LAWRENCE,59
BOAT,OTHER,ST LAWRENCE,28
TRL,NONE,ST LAWRENCE,17931
VEH,DIESEL,ST LAWRENCE,5649
VEH,ELECTRIC,ST LAWRENCE,154
VEH,FLEX,ST LAWRENCE,217
VEH,GAS,ST LAWRENCE,78491
VEH,NONE,ST LAWRENCE,400
VEH,OTHER,ST LAWRENCE,2
VEH,PROPANE,ST LAWRENCE,1
BOAT,COMP N/G,SUFFOLK,8
BOAT,DIESEL,SUFFOLK,2868
BOAT,ELECTRIC,SUFFOLK,575
BOAT,FLEX,SUFFOLK,59
BOAT,GAS,SUFFOLK,48873
BOAT,NONE,SUFFOLK,369
BOAT,OTHER,SUFFOLK,113
BOAT,PROPANE,SUFFOLK,2
TRL,GAS,SUFFOLK,1
TRL,NONE,SUFFOLK,56636
VEH,COMP N/G,SUFFOLK,249
VEH,DIESEL,SUFFOLK,55253
VEH,ELECTRIC,SUFFOLK,11465
VEH,FLEX,SUFFOLK,2049
VEH,GAS,SUFFOLK,1241700
VEH,NONE,SUFFOLK,2217
VEH,OTHER,SUFFOLK,66
VEH,PROPANE,SUFFOLK,109
BOAT,DIESEL,SULLIVAN,13
BOAT,ELECTRIC,SULLIVAN,301
BOAT,FLEX,SULLIVAN,1
BOAT,GAS,SULLIVAN,1906
BOAT,NONE,SULLIVAN,67
BOAT,OTHER,SULLIVAN,23
TRL,NONE,SULLIVAN,7104
VEH,COMP N/G,SULLIVAN,1
VEH,DIESEL,SULLIVAN,4281
VEH,ELECTRIC,SULLIVAN,255
VEH,FLEX,SULLIVAN,94
VEH,GAS,SULLIVAN,61931
VEH,NONE,SULLIVAN,323
VEH,OTHER,SULLIVAN,51
VEH,PROPANE,SULLIVAN,3
BOAT,DIESEL,TIOGA,3
BOAT,ELECTRIC,TIOGA,66
BOAT,GAS,TIOGA,1656
BOAT,NONE,TIOGA,20
BOAT,OTHER,TIOGA,2
TRL,NONE,TIOGA,6199
VEH,COMP N/G,TIOGA,2
VEH,DIESEL,TIOGA,2762
VEH,ELECTRIC,TIOGA,83
VEH,FLEX,TIOGA,59
VEH,GAS,TIOGA,39413
VEH,NONE,TIOGA,104
VEH,OTHER,TIOGA,1
VEH,PROPANE,TIOGA,1
BOAT,DIESEL,TOMPKINS,66
BOAT,ELECTRIC,TOMPKINS,74
BOAT,FLEX,TOMPKINS,3
BOAT,GAS,TOMPKINS,2510
BOAT,NONE,TOMPKINS,31
BOAT,OTHER,TOMPKINS,8
BOAT,PROPANE,TOMPKINS,1
TRL,NONE,TOMPKINS,6543
VEH,DIESEL,TOMPKINS,2683
VEH,ELECTRIC,TOMPKINS,805
VEH,FLEX,TOMPKINS,64
VEH,GAS,TOMPKINS,60369
VEH,NONE,TOMPKINS,235
VEH,OTHER,TOMPKINS,5
VEH,PROPANE,TOMPKINS,23
BOAT,DIESEL,ULSTER,116
BOAT,ELECTRIC,ULSTER,204
BOAT,FLEX,ULSTER,4
BOAT,GAS,ULSTER,3589
BOAT,NONE,ULSTER,56
BOAT,OTHER,ULSTER,33
TRL,GAS,ULSTER,1
TRL,NONE,ULSTER,13908
VEH,COMP N/G,ULSTER,6
VEH,DIESEL,ULSTER,8578
VEH,ELECTRIC,ULSTER,1288
VEH,FLEX,ULSTER,148
VEH,GAS,ULSTER,148613
VEH,NONE,ULSTER,721
VEH,OTHER,ULSTER,36
VEH,PROPANE,ULSTER,30
BOAT,COMP N/G,WARREN,1
BOAT,DIESEL,WARREN,31
BOAT,ELECTRIC,WARREN,156
BOAT,FLEX,WARREN,4
BOAT,GAS,WARREN,6069
BOAT,NONE,WARREN,40
BOAT,OTHER,WARREN,17
BOAT,PROPANE,WARREN,1
TRL,NONE,WARREN,8188
VEH,DIESEL,WARREN,2950
VEH,ELECTRIC,WARREN,275
VEH,FLEX,WARREN,80
VEH,GAS,WARREN,58123
VEH,NONE,WARREN,191
VEH,OTHER,WARREN,1
BOAT,COMP N/G,WASHINGTON,1
BOAT,DIESEL,WASHINGTON,11
BOAT,ELECTRIC,WASHINGTON,110
BOAT,FLEX,WASHINGTON,1
BOAT,GAS,WASHINGTON,2396
BOAT,NONE,WASHINGTON,18
BOAT,OTHER,WASHINGTON,9
TRL,NONE,WASHINGTON,7845
VEH,DIESEL,WASHINGTON,3745
VEH,ELECTRIC,WASHINGTON,107
VEH,FLEX,WASHINGTON,82
VEH,GAS,WASHINGTON,51450
VEH,NONE,WASHINGTON,186
VEH,OTHER,WASHINGTON,2
VEH,PROPANE,WASHINGTON,9
BOAT,DIESEL,WAYNE,68
BOAT,ELECTRIC,WAYNE,69
BOAT,FLEX,WAYNE,5
BOAT,GAS,WAYNE,4954
BOAT,NONE,WAYNE,25
BOAT,OTHER,WAYNE,10
TRL,GAS,WAYNE,1
TRL,NONE,WAYNE,14632
VEH,COMP N/G,WAYNE,4
VEH,DIESEL,WAYNE,4855
VEH,ELECTRIC,WAYNE,244
VEH,FLEX,WAYNE,261
VEH,GAS,WAYNE,78455
VEH,NONE,WAYNE,289
VEH,OTHER,WAYNE,1
VEH,PROPANE,WAYNE,5
BOAT,COMP N/G,WESTCHESTER,1
BOAT,DIESEL,WESTCHESTER,742
BOAT,ELECTRIC,WESTCHESTER,172
BOAT,FLEX,WESTCHESTER,12
BOAT,GAS,WESTCHESTER,7872
BOAT,NONE,WESTCHESTER,90
BOAT,OTHER,WESTCHESTER,19
BOAT,PROPANE,WESTCHESTER,2
TRL,GAS,WESTCHESTER,1
TRL,NONE,WESTCHESTER,10232
VEH,COMP N/G,WESTCHESTER,25
VEH,DIESEL,WESTCHESTER,20852
VEH,ELECTRIC,WESTCHESTER,10858
VEH,FLEX,WESTCHESTER,435
VEH,GAS,WESTCHESTER,651702
VEH,NONE,WESTCHESTER,1128
VEH,OTHER,WESTCHESTER,61
VEH,PROPANE,WESTCHESTER,14
BOAT,DIESEL,WYOMING,6
BOAT,ELECTRIC,WYOMING,29
BOAT,GAS,WYOMING,1327
BOAT,NONE,WYOMING,6
BOAT,OTHER,WYOMING,3
TRL,NONE,WYOMING,6550
VEH,COMP N/G,WYOMING,2
VEH,DIESEL,WYOMING,3353
VEH,ELECTRIC,WYOMING,38
VEH,FLEX,WYOMING,124
VEH,GAS,WYOMING,31878
VEH,NONE,WYOMING,242
BOAT,DIESEL,YATES,9
BOAT,ELECTRIC,YATES,19
BOAT,FLEX,YATES,1
BOAT,GAS,YATES,2118
BOAT,NONE,YATES,12
BOAT,OTHER,YATES,7
TRL,NONE,YATES,4266
VEH,COMP N/G,YATES,1
VEH,DIESEL,YATES,1522
VEH,ELECTRIC,YATES,53
VEH,FLEX,YATES,36
VEH,GAS,YATES,18019
VEH,NONE,YATES,76
VEH,OTHER,YATES,1
VEH,PROPANE,YATES,5
